<?xml version="1.0" encoding="utf-8"?>
<!-- File generated from: /home/runner/work/GoldHEN_Patch_Repository/GoldHEN_Patch_Repository/patches/xml/TheLastGuardian-Orbis.xml -->
<Patch>
    <TitleID>
        <ID>CUSA03627</ID>
        <ID>CUSA03745</ID>
    </TitleID>
    <Metadata Title="The Last Gurdian"
              Name="60 FPS Unlock"
              Note="CPU Limited, for use with 9th generation of consoles."
              Author="illusion"
              PatchVer="1.0"
              AppVer="01.03"
              AppElf="eboot.bin">
        <PatchList>
            <Line Type="bytes" Address="0x01051467" Value="e9b3000000"/>
        </PatchList>
    </Metadata>
</Patch>
