<?xml version="1.0" encoding="utf-8"?>
<!-- File generated from: /home/runner/work/GoldHEN_Patch_Repository/GoldHEN_Patch_Repository/patches/xml/AssassinsCreedIVBlackFlag.xml -->
<Patch>
    <TitleID>
        <ID>CUSA00009</ID>
    </TitleID>
    <Metadata Title="Assassin's Creed IV Black Flag"
              Name="60 FPS"
              Author="illusion"
              PatchVer="1.0"
              AppVer="01.04"
              AppElf="eboot.bin">
        <PatchList>
            <Line Type="bytes" Address="0x00cf4c49" Value="be00000000"/>
        </PatchList>
    </Metadata>
</Patch>
