<?xml version="1.0" encoding="utf-8"?>
<!-- File generated from: /home/runner/work/GoldHEN_Patch_Repository/GoldHEN_Patch_Repository/patches/xml/NeedforSpeedHeat-Orbis.xml -->
<Patch>
    <TitleID>
        <ID>CUSA15081</ID>
        <ID>CUSA15090</ID>
    </TitleID>
    <Metadata Title="Need for Speed Heat"
              Name="60 FPS"
              Author="illusion"
              Note="UI is double speed and some game simulation loop is still cap at 30FPS."
              PatchVer="1.0"
              AppVer="01.07"
              AppElf="eboot.bin">
        <PatchList>
            <Line Type="bytes" Address="0x004075c8" Value="c70300000000"/>
            <Line Type="bytes" Address="0x0415b0b0" Value="31c0c3"/>
        </PatchList>
    </Metadata>
</Patch>
