<?xml version="1.0" encoding="utf-8"?>
<!-- File generated from: /home/runner/work/GoldHEN_Patch_Repository/GoldHEN_Patch_Repository/patches/xml/HorizonForbiddenWest-Orbis.xml -->
<Patch>
    <TitleID>
        <ID>CUSA28561</ID>
        <ID>CUSA24705</ID>
        <ID>CUSA28563</ID>
    </TitleID>
    <Metadata Title="Horizon Forbidden West"
              Name="60 FPS"
              Author="illusion"
              PatchVer="1.0"
              AppVer="01.18"
              AppElf="eboot.bin">
        <PatchList>
            <Line Type="bytes" Address="0x02b7ac40" Value="31c0c3"/>
        </PatchList>
    </Metadata>
    <Metadata Title="Horizon Forbidden West"
              Name="60 FPS"
              Author="illusion"
              PatchVer="1.0"
              AppVer="01.17"
              AppElf="eboot.bin">
        <PatchList>
            <Line Type="bytes" Address="0x00566f83" Value="be00000000"/>
        </PatchList>
    </Metadata>
    <Metadata Title="Horizon Forbidden West"
              Name="Disable Inital Boot on First Startup"
              Note="Skips long intro video and first time language selection screen."
              Author="illusion"
              PatchVer="1.0"
              AppVer="01.17"
              AppElf="eboot.bin">
        <PatchList>
            <Line Type="bytes" Address="0x019e1bb7" Value="c6801801000001"/>
            <Line Type="bytes" Address="0x019e1bbe" Value="b001"/>
            <Line Type="bytes" Address="0x019e1bc0" Value="c3"/>
        </PatchList>
    </Metadata>
</Patch>
