<?xml version="1.0" encoding="utf-8"?>
<!-- File generated from: /home/runner/work/GoldHEN_Patch_Repository/GoldHEN_Patch_Repository/patches/xml/UnchartedTheLostLegacy-Orbis.xml -->
<Patch>
    <TitleID>
        <ID>CUSA09564</ID>
        <ID>CUSA07875</ID>
    </TitleID>
    <Metadata Title="Uncharted: The Lost Legacy"
              Name="Intro Skip"
              Author="illusion"
              PatchVer="1.0"
              AppVer="01.09"
              AppElf="eboot.bin">
        <PatchList>
            <Line Type="bytes" Address="0x017238b7" Value="eb4c"/>
        </PatchList>
    </Metadata>
</Patch>
