<?xml version="1.0" encoding="utf-8"?>
<!-- File generated from: /home/runner/work/GoldHEN_Patch_Repository/GoldHEN_Patch_Repository/patches/xml/CallOfDuty-BlackOps4-Orbis.xml -->
<Patch>
    <TitleID>
        <ID>CUSA11100</ID>
    </TitleID>
    <Metadata Title="Call of Duty: Black Ops 4 (IIII)"
              Name="Bypass Update Reqiured Screen"
              Author="DeathRGH"
              PatchVer="1.0"
              AppVer="01.00"
              AppElf="eboot.bin">
        <PatchList>
            <Line Type="bytes" Address="0x00e3103b" Value="4189d1"/>
        </PatchList>
    </Metadata>
</Patch>
