<?xml version="1.0" encoding="utf-8"?>
<!-- File generated from: /home/runner/work/GoldHEN_Patch_Repository/GoldHEN_Patch_Repository/patches/xml/FarCry6-Orbis.xml -->
<Patch>
    <TitleID>
        <ID>CUSA15778</ID>
    </TitleID>
    <Metadata Title="Far Cry 6"
              Name="60 FPS Unlock"
              Author="illusion"
              PatchVer="1.0"
              AppVer="01.06"
              AppElf="eboot.bin">
        <PatchList>
            <Line Type="bytes" Address="0x00df3471" Value="eb0e"/>
            <Line Type="bytes" Address="0x00df3481" Value="31f6"/>
        </PatchList>
    </Metadata>
</Patch>
