<?xml version="1.0" encoding="utf-8"?>
<!-- File generated from: /home/runner/work/GoldHEN_Patch_Repository/GoldHEN_Patch_Repository/patches/xml/CrashBandicootNSaneTrilogyEU-Orbis.xml -->
<Patch>
    <TitleID>
        <ID>CUSA07399</ID>
    </TitleID>
    <Metadata Title="Crash Bandicoot N. Sane Trilogy"
              Name="60 FPS"
              Author="illusion"
              PatchVer="2.0"
              AppVer="01.07"
              AppElf="eboot.bin">
        <PatchList>
            <Line Type="bytes" Address="0x00f52bd6" Value="41899788040000"/>
        </PatchList>
    </Metadata>
    <Metadata Title="Crash Bandicoot N. Sane Trilogy"
              Name="Resolution Patch (1080p for PS4 Pro)"
              Author="illusion"
              PatchVer="2.0"
              AppVer="01.07"
              AppElf="eboot.bin">
        <PatchList>
            <Line Type="float32" Address="0x01c75680" Value="1.0"/>
        </PatchList>
    </Metadata>
    <Metadata Title="Crash Bandicoot N. Sane Trilogy"
              Name="Resolution Patch (900p for PS4 Pro)"
              Author="illusion"
              PatchVer="2.0"
              AppVer="01.07"
              AppElf="eboot.bin">
        <PatchList>
            <Line Type="float32" Address="0x01c75680" Value="0.83"/>
        </PatchList>
    </Metadata>
    <Metadata Title="Crash Bandicoot N. Sane Trilogy"
              Name="Resolution Patch (720p for PS4 Pro)"
              Author="illusion"
              PatchVer="2.0"
              AppVer="01.07"
              AppElf="eboot.bin">
        <PatchList>
            <Line Type="float32" Address="0x01c75680" Value="0.67"/>
        </PatchList>
    </Metadata>
    <Metadata Title="Crash Bandicoot N. Sane Trilogy"
              Name="Resolution Patch (540p for PS4 Pro)"
              Author="illusion"
              PatchVer="2.0"
              AppVer="01.07"
              AppElf="eboot.bin">
        <PatchList>
            <Line Type="float32" Address="0x01c75680" Value="0.5"/>
        </PatchList>
    </Metadata>
</Patch>
